publication,situation,innovation,ret_j0,ret_j1,jour_bourse_j0
2017-12-08,2017-10,1.6511159043197807,0.2828821859317099,-0.22707096899289292,2017-12-08
2018-01-16,2017-11,0.17452420365010823,0.07495671909707458,-0.3596343456246265,2018-01-16
2018-03-09,2018-01,-6.747240797329885,0.38636120953530195,0.043797562500391685,2018-03-09
2018-07-03,2018-05,7.788811742440004,0.7582352747398824,0.07015500868097213,2018-07-03
2018-11-02,2018-09,-6.580105976109806,0.3214865437935588,-0.01449877033201652,2018-11-02
2019-01-15,2018-11,-1.0500506310000048,0.4917310771088035,0.5133606391136025,2019-01-15
2019-02-01,2018-12,2.56212895532002,0.5315649513534915,-0.37993300026732957,2019-02-01
2019-03-01,2019-01,1.3550645619998907,0.4705660927612598,0.40606099780684524,2019-03-01
2019-04-30,2019-03,0.7679157255300026,0.09729789033920966,-0.8511779772480743,2019-04-30
2019-06-04,2019-04,-5.22437208673,0.511304195533846,0.45062763476286793,2019-06-04
2019-07-02,2019-05,-15.94824243019999,0.16001817052937461,0.7529422806999531,2019-07-02
2019-07-30,2019-06,10.352709499460097,-1.6073676932710557,0.142079094889902,2019-07-30
2019-08-30,2019-07,-8.514166960920114,0.5598152727863015,0.22917807634570408,2019-08-30
2019-10-04,2019-08,1.1423502843400968,0.9110479852900699,0.6065615730992624,2019-10-04
2020-05-05,2020-03,-13.489780180209998,2.395943173650261,-1.109715785632992,2020-05-05
2020-06-02,2020-04,-13.112535905019993,2.0196279069481404,3.363051443895393,2020-06-02
2020-07-03,2020-05,-9.045697056239998,-0.8365333382328588,1.4852715697105667,2020-07-03
2022-04-01,2022-02,3.9098895580400033,0.36697324386516517,0.7040376371117985,2022-04-01
2022-07-01,2022-05,12.466261942479992,0.13844992962499525,0.3977340225348014,2022-07-01
2022-09-02,2022-07,-19.78178911899998,2.2073726032946217,-1.2045307361377433,2022-09-02
2022-11-02,2022-09,0.359724571949954,-0.8117586566191326,-0.5352993570620135,2022-11-02
2023-02-07,2022-12,-2.4013566969299838,-0.06655364132499564,-0.17553848815363704,2023-02-07
2023-04-03,2023-02,-7.475493449350003,0.3218870311287647,-0.013612924727568476,2023-04-03
2023-05-03,2023-03,-3.692676241719994,0.2794165438666729,-0.8517221212310688,2023-05-03
2023-06-01,2023-04,0.0022649303199955284,0.5455925648800486,1.867055261390549,2023-06-01
2023-07-03,2023-05,-8.560884319609997,-0.18053722774499237,-0.2270299198266046,2023-07-03
2023-08-03,2023-06,-15.14875480213,-0.71531798468768,0.7511853910991961,2023-08-03
2023-09-01,2023-07,2.3198375274399865,-0.27239295378015393,-0.23654649742350653,2023-09-01
2024-10-01,2024-08,3.941814137610038,-0.8077814986248932,0.04647461157532007,2024-10-01
2024-11-05,2024-09,-3.6875942821800436,0.48075604702362273,-0.5068081456083617,2024-11-05
2024-12-03,2024-10,7.975305406510017,0.25604624094308637,0.659642912424041,2024-12-03
2025-01-14,2024-11,5.163792320300015,0.20286833857348086,0.6859130647088207,2025-01-14
2025-02-04,2024-12,-8.436710921570036,0.6553851723603676,-0.18617482981270195,2025-02-04
2025-03-04,2025-01,-8.59127324813998,-1.8511635141439275,1.5635105635554591,2025-03-04
2025-10-02,2025-08,-0.41526370864002793,1.1256463929291805,0.3091882910389421,2025-10-02
2025-11-04,2025-09,3.9260271210200433,-0.5211017018035613,0.0830513861235227,2025-11-04
2025-12-02,2025-10,2.83679669687999,-0.2765238572156381,0.1586461613706236,2025-12-02
2026-01-13,2025-11,-4.139124657160014,-0.1382928883784662,-0.19444206884021709,2026-01-13
2026-02-03,2025-12,14.644612474170017,-0.02041177351096435,1.0105771287975962,2026-02-03
2026-03-03,2026-01,-24.156841742020013,-3.4604406066974236,0.7883933783319419,2026-03-03
