annee_situation,mois_situation,date_publication,titre,url
2017,10,2017-12-08,Situation mensuelle budgétaire au 31 octobre 2017,https://presse.economie.gouv.fr/situation-mensuelle-budgetaire-au-31-octobre-2017/
2017,11,2018-01-16,Situation mensuelle budgétaire au 30 novembre 2017,https://presse.economie.gouv.fr/situation-mensuelle-budgetaire-au-30-novembre-2017/
2018,1,2018-03-09,Situation mensuelle budgétaire au 31 janvier 2018,https://presse.economie.gouv.fr/situation-mensuelle-budgetaire-au-31-janvier-2018/
2018,5,2018-07-03,Situation mensuelle budgétaire au 31 mai 2018,https://presse.economie.gouv.fr/situation-mensuelle-budgetaire-au-31-mai-2018/
2018,9,2018-11-02,454 - Situation mensuelle budgétaire au 30 septembre 2018,https://presse.economie.gouv.fr/454-situation-mensuelle-budgetaire-au-30-septembre-2018/
2018,11,2019-01-15,554 - Situation mensuelle budgétaire au 30 novembre 2018,https://presse.economie.gouv.fr/554-situation-mensuelle-budgetaire-au-30-novembre-2018/
2018,12,2019-02-01,585&585 bis - Situation mensuelle budgétaire au 31 décembre 2018,https://presse.economie.gouv.fr/585585-bis-situation-mensuelle-budgetaire-au-31-decembre-2018/
2019,1,2019-03-01,622 et 622 bis - Situation mensuelle budgétaire au 31 janvier 2019,https://presse.economie.gouv.fr/622-et-622-bis-situation-mensuelle-budgetaire-au-31-janvier-2019/
2019,3,2019-04-30,678 & 678 Bis - Situation mensuelle budgétaire au 31 mars 2019,https://presse.economie.gouv.fr/678-678-bis-situation-mensuelle-budgetaire-au-31-mars-2019/
2019,4,2019-06-04,706 et 706 bis - Situation mensuelle budgétaire au 30 avril 2019,https://presse.economie.gouv.fr/706-et-706-bis-situation-mensuelle-budgetaire-au-30-avril-2019/
2019,5,2019-07-02,739 - Situation mensuelle budgétaire au 31 mai 2019,https://presse.economie.gouv.fr/739-situation-mensuelle-budgetaire-au-31-mai-2019/
2019,6,2019-07-30,775 et 775 bis - Situation mensuelle budgétaire au 30 juin 2019,https://presse.economie.gouv.fr/775-et-775-bis-situation-mensuelle-budgetaire-au-30-juin-2019/
2019,7,2019-08-30,779 et 779 bis - Situation mensuelle budgétaire au 31 juillet 2019,https://presse.economie.gouv.fr/779-et-779-bis-situation-mensuelle-budgetaire-au-31-juillet-2019/
2019,8,2019-10-04,822 & 822 bis - Situation mensuelle budgétaire au 31 août 2019,https://presse.economie.gouv.fr/822-822-bis-situation-mensuelle-budgetaire-au-31-aout-2019/
2020,3,2020-05-05,1025 & 1025 bis - Situation mensuelle budgétaire au 31 mars 2020,https://presse.economie.gouv.fr/1025-1025-bis-situation-mensuelle-budgetaire-au-31-mars-2020/
2020,4,2020-06-02,1038 et 1038 bis - Situation mensuelle budgétaire au 30 avril 2020,https://presse.economie.gouv.fr/1038-et-1038-bis-situation-mensuelle-budgetaire-au-30-avril-2020/
2020,5,2020-07-03,1065 & 1065 bis - Situation mensuelle budgétaire au 31 mai 2020,https://presse.economie.gouv.fr/1065-1065-bis-situation-mensuelle-budgetaire-au-31-mai-2020-2/
2022,2,2022-04-01,01/04/2022 - Situation mensuelle budgétaire au 28 février 2022,https://presse.economie.gouv.fr/01-04-2022-situation-mensuelle-budgetaire-au-28-fevrier-2022/
2022,5,2022-07-01,1/07/2022 - La situation mensuelle budgétaire au 31 mai 2022,https://presse.economie.gouv.fr/1-07-2022-la-situation-mensuelle-budgetaire-au-31-mai-2022/
2022,7,2022-09-02,02/09/2022 – Situation mensuelle budgétaire au 31 juillet 2022,https://presse.economie.gouv.fr/02-09-2022-situation-mensuelle-budgetaire-au-31-juillet-2022/
2022,9,2022-11-02,02/11/2022 - Situation mensuelle budgétaire au 30 septembre 2022,https://presse.economie.gouv.fr/02112022-situation-mensuelle-budgetaire-au-30-septembre-2022/
2022,12,2023-02-07,07/02/2023 - Situation mensuelle budgétaire au 31 décembre 2022,https://presse.economie.gouv.fr/07022023-situation-mensuelle-budgetaire-au-31-decembre-2022/
2023,2,2023-04-03,03/04/2023 - Situation mensuelle budgétaire au 28 février 2023,https://presse.economie.gouv.fr/03042023-situation-mensuelle-budgetaire-au-28-fevrier-2023/
2023,3,2023-05-03,03/05/2023 - Situation mensuelle budgétaire au 31 mars 2023,https://presse.economie.gouv.fr/03052023-situation-mensuelle-budgetaire-au-31-mars-2023/
2023,4,2023-06-01,01/06/2023 - Situation mensuelle budgétaire au 30 avril 2023,https://presse.economie.gouv.fr/01062023-situation-mensuelle-budgetaire-au-30-avril-2023/
2023,5,2023-07-03,3/07/2023 - La situation mensuelle budgétaire au 31 mai 2023,https://presse.economie.gouv.fr/3072023-la-situation-mensuelle-budgetaire-au-31-mai-2023/
2023,6,2023-08-03,03/08/2023 - La situation mensuelle budgétaire au 30 juin 2023,https://presse.economie.gouv.fr/03082023-la-situation-mensuelle-budgetaire-au-30-juin-2023/
2023,7,2023-09-01,01/09/2023 - La situation mensuelle budgétaire au 31 juillet 2023,https://presse.economie.gouv.fr/01092023-la-situation-mensuelle-budgetaire-au-31-juillet-2023/
2024,8,2024-10-01,Situation mensuelle budgétaire au 31 août 2024,https://presse.economie.gouv.fr/situation-mensuelle-budgetaire-au-31-aout-2024/
2024,9,2024-11-05,Situation mensuelle budgétaire au 30 septembre 2024,https://presse.economie.gouv.fr/situation-mensuelle-budgetaire-au-30-septembre-2024/
2024,10,2024-12-03,Situation mensuelle budgétaire au 31 octobre 2024,https://presse.economie.gouv.fr/situation-mensuelle-budgetaire-au-31-octobre-2024/
2024,11,2025-01-14,Situation mensuelle budgétaire au 30 novembre 2024,https://presse.economie.gouv.fr/situation-mensuelle-budgetaire-au-30-novembre-2024/
2024,12,2025-02-04,Situation mensuelle budgétaire au 31 décembre 2024,https://presse.economie.gouv.fr/situation-mensuelle-budgetaire-au-31-decembre-2024/
2025,1,2025-03-04,Situation mensuelle budgétaire au 31 janvier 2025,https://presse.economie.gouv.fr/situation-mensuelle-budgetaire-au-31-janvier-2025/
2025,8,2025-10-02,Situation mensuelle budgétaire au 31 août 2025,https://presse.economie.gouv.fr/situation-mensuelle-budgetaire-au-31-aout-2025/
2025,9,2025-11-04,Situation mensuelle budgétaire au 30 septembre 2025,https://presse.economie.gouv.fr/situation-mensuelle-budgetaire-au-30-septembre-2025/
2025,10,2025-12-02,Situation mensuelle budgétaire au 31 octobre 2025,https://presse.economie.gouv.fr/situation-mensuelle-budgetaire-au-31-octobre-2025/
2025,11,2026-01-13,Situation mensuelle budgétaire au 30 novembre 2025,https://presse.economie.gouv.fr/situation-mensuelle-budgetaire-au-30-novembre-2025/
2025,12,2026-02-03,Situation mensuelle budgétaire au 31 décembre 2025,https://presse.economie.gouv.fr/situation-mensuelle-budgetaire-au-31-decembre-2025/
2026,1,2026-03-03,Situation mensuelle budgétaire au 31 janvier 2026,https://presse.economie.gouv.fr/situation-mensuelle-budgetaire-au-31-janvier-2026/
